{
    "imageURL":[
        {
            "title": "绿盾征信与焦作市发改委签订焦作市社会信用体系建设合作协议",
            "imgurl": "https://img.11315.com/index/2020/07/17/3np2px2txy4g.jpg",
            "weburl": "https://www.11315.com/infnews/show-120505"
        },
        {
            "title": "绿盾征信受邀参加焦作市“信用大讲堂”活动议",
            "imgurl": "https://img.11315.com/index/2020/07/17/3np0v2wflc74.jpg",
            "weburl": "https://www.11315.com/infnews/show-120504"
        },
        {
            "title": "绿盾征信参加《河南省社会信用条例》宣讲暨企业信用修复培训会",
            "imgurl": "https://img.11315.com/index/2020/07/10/3n0jb5a6njeo.png",
            "weburl": "https://www.11315.com/infnews/show-120303"
        },
        {
            "title": "绿盾征信莱州服务机构参加市首期诚信教育暨信用修复培训会",
            "imgurl": "https://img.11315.com/index/2020/06/30/3m0urenr7y80.jpg",
            "weburl": "https://www.11315.com/infnews/show-119963"
        },
        {
            "title": "咸宁高新区企业征信窗口依托绿盾征信系统助力企业修复信用记录",
            "imgurl": "https://img.11315.com/index/2020/06/19/3kxlrq6fk5j4.png",
            "weburl": "https://www.11315.com/infnews/show-1198035"
        },
        {
            "title": "绿盾征信云南服务机构成立全省首家企业信用纠纷人民调解委员会",
            "imgurl": "https://img.11315.com/index/2020/06/17/3kqgu2ss9la8.jpg",
            "weburl": "https://www.11315.com/infnews/show-119723"
        }
    ]
}