{
    "loserList" :[
        {
            "title": "周口市诚鑫汽车销售有限公司————(2020)豫1602执1406号",
            "url": "https://www.11315.com/acl/vl/1351063341664/1"
        },
        {
            "title": "沈阳耀华玻璃有限责任公司————（2020）辽0113执恢217号",
            "url": "https://www.11315.com/acl/vl/9013688/1"
        },
        {
            "title": "潍坊市广泰机电设备有限公司————（2020）沪0118执恢789号",
            "url": "https://www.11315.com/acl/vl/10442914/1"
        },
        {
            "title": "上海零碳建筑科技有限公司————（2020）沪02执恢470号",
            "url": "https://www.11315.com/acl/vl/1352449533295/1"
        },
        {
            "title": "上海零碳建筑科技有限公司————（2020）沪02执恢466号",
            "url": "https://www.11315.com/acl/vl/1352449533295/1"
        },
        {
            "title": "上海零碳建筑科技有限公司————（2020）沪02执恢469号",
            "url": "https://www.11315.com/acl/vl/1352449533295/1"
        },
        {
            "title": "上海贝飞实业有限公司————（2020）沪02执恢458号",
            "url": "https://www.11315.com/acl/vl/1427498847048/1"
        },
        {
            "title": "河南久通电缆有限公司————(2020)豫1602执1392号",
            "url": "https://www.11315.com/acl/vl/1324448675992/1"
        },
        {
            "title": "上海零碳建筑科技有限公司————（2020）沪02执恢468号",
            "url": "https://www.11315.com/acl/vl/1352449533295/1"
        }
    ]
}