{
    "news":[
        {
            "url": "https://www.11315.com/infnews/show-120505",
            "title": "绿盾征信与焦作市发改委签订焦作市社会信用体系建设合作协议"
        },
        {
            "url": "https://www.11315.com/infnews/show-120504",
            "title": "绿盾征信受邀参加焦作市“信用大讲堂”活动"
        },
        {
            "url": "https://www.11315.com/infnews/show-120483",
            "title": "绿盾征信受运城市信用办委托核查夏县“双公示”工作"
        },
        {
            "url": "https://www.11315.com/infnews/show-120443",
            "title": "绿盾征信受委托核查平陆县“双公示”工作落实情况"
        },
        {
            "url": "https://www.11315.com/infnews/show-120383",
            "title": "绿盾征信系统支持雨花区高桥大市场“信用示范商区”创建工作"
        },
        {
            "url": "https://www.11315.com/infnews/show-120343",
            "title": "绿盾征信晋城服务机构获评20年山西省中小企业公共服务示范平台"
        },
        {
            "url": "https://www.11315.com/infnews/show-120303",
            "title": "绿盾征信参加《河南省社会信用条例》宣讲暨企业信用修复培训会"
        },
        {
            "url": "https://www.11315.com/infnews/show-120263",
            "title": "运城市信用办委托绿盾征信开展全市“双公示”工作核查"
        },
        {
            "url": "https://www.11315.com/infnews/show-120223",
            "title": "绿盾征信榆树服务机构成立民商事纠纷人民调解委员会"
        }
    ]
}