{
    "recentNews": [
        {
            "Atitle": "泛亚微透科创板IPO过会",
            "Aurl": "https://mp.weixin.qq.com/s/H1iNxJ2mQnapGzewxM7QuA",
            "Arelevant": "泛亚微透",
            "AurlB": "https://www.qixin.com/company/68580c01-a146-4a67-bca9-9d89f9008287",
            "AimageUrl": "https://pic.qixin.com/article/452a859a-c0e9-4292-b601-a3fefe32160c2.jpg",
        
        
            "Btitle": "牛市来了，近5万股民却遭闷杀！",
            "Burl": "http://finance.china.com.cn/stock/ssgs/20200706/5311295.shtml",
            "Brelevant": "ST斯太",
            "BurlB": "https://www.qixin.com/company/805b53a9-0b0f-4c94-8aec-a8dbdc981fa4",
            "BimageUrl": "https://pic.qixin.com/article/0af7c5f9-f4c4-4c54-8029-dd3920388604timg.jpg"
        },
        {
            "Atitle": "李佳琦成为“新上海人，抢主播大战烧到城市?",
            "Aurl": "https://m.nbd.com.cn/articles/2020-06-29/1451510.html",
            "Arelevant": "上海琦圣管理咨询有限公司",
            "AurlB": "https://www.qixin.com/company/3e3ae90b-f95c-40e6-b1f8-2756dbbd7989",
            "AimageUrl": "https://pic.qixin.com/article/c139669c-435e-482f-9c05-30572e77d5ebtimg%20(1).jpg",
        
        
            "Btitle": "反转：腾讯被“老千妈”骗了?",
            "Burl": "https://www.guancha.cn/ChanJing/2020_07_01_555967.shtml",
            "Brelevant": "老干妈",
            "BurlB": "http://www.qixin.com/company/1f35ebd4-b9c7-44b8-9be1-1879d2f2a368",
            "BimageUrl": "https://pic.qixin.com/article/425de748-0b48-48d2-8421-2c430c8b3d5atimg.jpg"
        },
        {
            "Atitle": "分公司遭查封，赛麟汽车彻底崩盘",
            "Aurl": "https://www.yicai.com/news/100678872.html",
            "Arelevant": "江苏赛麟",
            "AurlB": "https://www.qixin.com/company/685aa029-c211-4df4-a408-a9cfcebbe4cc",
            "AimageUrl": "https://pic.qixin.com/article/92563c1c-2b4f-4861-b0d1-17207fc8c932timg.jpg",
        
        
            "Btitle": "网信理财挪用先锋支付A5亿坐实",
            "Burl": "https://stock.stcn.com/djjd/202006/t20200622_2059046.html",
            "Brelevant": "中新控股",
            "BurlB": "https://www.qixin.com/company/4b7ad280-7ca9-11e7-b21b-00163e014a2c",
            "BimageUrl": "https://pic.qixin.com/article/303c64f7-b041-484e-9e3e-23eb188ce698timg.jpg"
        }
    ]
}